Date,PNB Price,PNB Open,PNB High,PNB Low,PNB Vol.,Change %,HDFC Price,HDFC Open,HDFC High,HDFC Low,HDFC Vol.,HDFC Change %,,,Dropdown,,,,,,,,,Date,HDFC Price,PNB Price
20-12-2024,868.85,873,878.95,843.2,1.40M,-0.37%,623.8,619.7,626.5,618.2,4.00M,0.04%,,1,HDFC Price,,STOCK,,,,,,,20-12-2024,623.80,868.85
19-12-2024,872.1,862.5,885.65,851.85,723.29K,-0.10%,623.55,618.05,625,615.3,3.78M,-0.16%,,,,,HDFC,,,,,,,19-12-2024,623.55,872.1
18-12-2024,873,892.8,892.8,869,542.53K,-1.84%,624.55,623.15,629.8,620.3,4.33M,-0.35%,,2,PNB Price,,,,,,,,,18-12-2024,624.55,873
17-12-2024,889.4,920,921.6,884.05,750.81K,-3.51%,626.75,634.95,636.35,625.6,3.18M,-1.29%,,,,,,,,,,,,17-12-2024,626.75,889.4
16-12-2024,921.75,934.2,939.55,918.85,429.93K,-1.32%,634.95,632.55,636.4,628.55,2.18M,0.38%,,,,,,,,,,,,16-12-2024,634.95,921.75
13-12-2024,934.1,927.95,934.85,913.3,1.01M,0.66%,632.55,625,633.9,621.15,2.57M,0.96%,,,,,,,,,,,,13-12-2024,632.55,934.1
12-12-2024,927.95,939.9,948.3,918.5,1.51M,-1.27%,626.55,636,636.8,619.9,3.81M,-1.28%,,,,,,,,,,,,12-12-2024,626.55,927.95
11-12-2024,939.9,965,972.5,935.2,987.57K,-2.55%,634.65,634.8,640.6,632.8,2.40M,0.21%,,,,,,,,,,,,11-12-2024,634.65,939.9
10-12-2024,964.5,964.25,972,945.05,1.52M,0.54%,633.3,641.8,644.45,630.35,6.16M,-1.32%,,,,,,,,,,,,10-12-2024,633.30,964.5
09-12-2024,959.3,967.8,976.65,948.85,989.76K,-0.40%,641.8,637.9,646.35,634.7,4.03M,0.83%,,,,,,,,,,,,09-12-2024,641.80,959.3
06-12-2024,963.15,945,968.8,932.85,1.50M,2.13%,636.5,645,647.45,635.2,6.46M,-1.03%,,,,,,,,,,,,06-12-2024,636.50,963.15
05-12-2024,943.1,920,948.7,919.6,2.79M,3.16%,643.15,650.2,653.5,639.35,6.16M,-1.09%,,,,,,,,,,,,05-12-2024,643.15,943.1
04-12-2024,914.25,899,918.7,896,1.98M,3.31%,650.25,635,651,635,7.39M,2.56%,,,,,,,,,,,,04-12-2024,650.25,914.25
03-12-2024,884.95,884,896.85,875.55,666.58K,0.11%,634,646.8,646.8,632.3,8.26M,-0.97%,,,,,,,,,,,,03-12-2024,634.00,884.95
02-12-2024,884,891.7,891.7,867.85,754.30K,-0.86%,640.2,650,664,639.1,4.98M,-2.67%,,,,,,,,,,,,02-12-2024,640.20,884
29-11-2024,891.7,891.2,893.7,870.55,757.82K,0.94%,657.75,670,674.1,651.3,5.93M,0.01%,,,,,,,,,,,,29-11-2024,657.75,891.7
28-11-2024,883.4,876.45,895.75,867.75,941.56K,0.79%,657.7,682,690.15,638.65,13.63M,-3.36%,,,,,,,,,,,,28-11-2024,657.70,883.4
27-11-2024,876.45,868.45,888,859,955.79K,1.97%,680.55,681.85,689.3,679.3,2.42M,-0.27%,,,,,,,,,,,,27-11-2024,680.55,876.45
26-11-2024,859.55,866.3,872.6,849.7,993.40K,-0.78%,682.4,684,693.4,675,1.77M,-0.35%,,,,,,,,,,,,26-11-2024,682.40,859.55
25-11-2024,866.3,868,878.3,851.1,1.22M,1.37%,684.8,690,695.8,681.4,4.62M,-0.49%,,,,OPEN,618.05,,,,,,,25-11-2024,684.80,866.3
22-11-2024,854.6,866,871.15,829.5,2.91M,-1.32%,688.2,680,691.3,674.15,1.79M,2.05%,,,,HIGH,625,,,,,,,22-11-2024,688.20,854.6
21-11-2024,866.05,863,870,850.15,1.19M,0.10%,674.4,680.4,680.95,668.85,2.19M,-0.88%,,,,LOW,615.3,,,,,,,21-11-2024,674.40,866.05
19-11-2024,865.15,875,893.55,854.35,2.33M,-0.69%,680.4,688.05,693,668.3,6.44M,-1.46%,,,,52 WEEK HIGH,761.2,,,,,,,19-11-2024,680.40,865.15
18-11-2024,871.15,895,895,833.65,6.85M,-3.63%,690.5,687,693.95,682.5,1.67M,-0.50%,,,,52 WEEK LOW,511.4,,,,,,,18-11-2024,690.50,871.15
14-11-2024,904,935,944.3,894.95,2.88M,-2.23%,694,681.5,696.7,681.5,1.72M,1.31%,,,,,,,,,,,,14-11-2024,694.00,904
13-11-2024,924.65,949,952.85,905.05,31.41M,-5.95%,685.05,695,698.85,683.15,2.08M,-2.14%,,,,,,,,,,,,13-11-2024,685.05,924.65
12-11-2024,983.15,969.95,993.55,959.05,596.63K,1.69%,700,707.55,719.85,696.1,2.50M,-0.76%,,,,,,,,,,,,12-11-2024,700.00,983.15
11-11-2024,966.85,949.95,"1,011.90",939.6,2.51M,2.07%,705.35,704.1,711.6,695.8,1.89M,-0.44%,,,,,,,,,,,,11-11-2024,705.35,966.85
08-11-2024,947.2,971.15,974.15,941,462.04K,-2.38%,708.5,709.5,719.85,707,1.27M,-0.45%,,,,,,,,,,,,08-11-2024,708.50,947.2
07-11-2024,970.3,"1,003.00","1,025.20",964.4,749.27K,-2.90%,711.7,708.7,713.7,703.3,1.94M,0.42%,,,,,,,,,,,,07-11-2024,711.70,970.3
06-11-2024,999.25,982.9,"1,007.15",975.1,841.41K,1.37%,708.7,717,718,704.35,2.88M,-1.19%,,,,,,,,,,,,06-11-2024,708.70,999.25
05-11-2024,985.7,950.35,992.3,945,680.91K,3.64%,717.25,710.8,726.6,685.4,5.04M,0.90%,,,,,,,,,,,,05-11-2024,717.25,985.7
04-11-2024,951.1,965,997.95,945,1.39M,-1.76%,710.85,720.2,727.6,706.1,2.05M,-1.78%,,,,,,,,,,,,04-11-2024,710.85,951.1
01-11-2024,968.15,977.7,978.75,965,113.72K,0.11%,723.7,721.95,726,720.15,198.74K,0.49%,,,,,,,,,,,,01-11-2024,723.70,968.15
31-10-2024,967.05,925.75,977.5,917.15,1.34M,4.77%,720.15,723.1,726.75,713.15,2.03M,-0.95%,,,,,,,,,,,,31-10-2024,720.15,967.05
30-10-2024,923,922.6,940.8,915.1,776.66K,0.17%,727.05,744.25,745,724.55,1.65M,-2.07%,,,,,,,,,,,,30-10-2024,727.05,923
29-10-2024,921.4,910.25,927,893.75,1.27M,1.97%,742.4,718,745.1,708.15,4.59M,3.36%,,,,,,,,,,,,29-10-2024,742.40,921.4
28-10-2024,903.6,948.35,958.3,900,2.55M,-4.66%,718.25,710.25,721.8,705.7,1.45M,1.24%,,,,,,,,,,,,28-10-2024,718.25,903.6
25-10-2024,947.75,972,"1,034.95",938.55,8.27M,1.42%,709.45,718,719.7,700,2.85M,-0.76%,,,,,,,,,,,,25-10-2024,709.45,947.75
24-10-2024,934.45,937.95,984.4,925,1.59M,-1.39%,714.85,725,735,711.05,1.81M,-1.23%,,,,,,,,,,,,24-10-2024,714.85,934.45
23-10-2024,947.65,880,967.15,877.55,2.57M,8.38%,723.75,725,732,718.2,1.67M,-0.61%,,,,,,,,,,,,23-10-2024,723.75,947.65
22-10-2024,874.4,919.6,924.4,866.35,908.81K,-4.45%,728.2,745.8,749.75,724.35,3.35M,-2.37%,,,,,,,,,,,,22-10-2024,728.20,874.4
21-10-2024,915.1,941.1,941.8,913.25,456.86K,-1.89%,745.85,748.85,755.45,742.45,4.51M,0.46%,,,,,,,,,,,,21-10-2024,745.85,915.1
18-10-2024,932.75,934,939,895.1,937.19K,-0.10%,742.45,726,744,720.1,3.70M,2.25%,,,,,,,,,,,,18-10-2024,742.45,932.75
17-10-2024,933.65,959.45,960.95,930.05,456.32K,-2.69%,726.1,730,731.5,715.95,4.31M,-0.10%,,,,,,,,,,,,17-10-2024,726.10,933.65
16-10-2024,959.45,981,981.65,953,570.34K,-2.28%,726.8,723.45,732.45,714.85,5.38M,1.76%,,,,,,,,,,,,16-10-2024,726.80,959.45
15-10-2024,981.85,994.2,"1,011.80",964.05,1.21M,-0.77%,714.25,742.8,746.45,711.3,6.67M,-3.56%,,,,,,,,,,,,15-10-2024,714.25,981.85
14-10-2024,989.5,975.7,"1,014.40",967.85,1.41M,1.60%,740.6,728,741.6,726.3,3.99M,2.31%,,,,,,,,,,,,14-10-2024,740.60,989.5
11-10-2024,973.95,952.9,983,943.9,826.95K,2.49%,723.85,721.5,725.5,717,1.98M,0.03%,,,,,,,,,,,,11-10-2024,723.85,973.95
10-10-2024,950.25,954.5,965.5,944.6,1.03M,0.44%,723.65,721,726.2,713.3,2.25M,0.89%,,,,,,,,,,,,10-10-2024,723.65,950.25
09-10-2024,946.05,946,983,940.45,2.41M,0.74%,717.3,709.85,725.45,703.75,1.74M,1.01%,,,,,,,,,,,,09-10-2024,717.30,946.05
08-10-2024,939.1,939.95,955.9,933.55,1.67M,0.45%,710.1,700.5,712.55,699.8,3.77M,0.60%,,,,,,,,,,,,08-10-2024,710.10,939.1
07-10-2024,934.85,954.2,954.2,916.75,1.31M,-1.06%,705.85,711.65,719.3,702.9,3.47M,-0.42%,,,,,,,,,,,,07-10-2024,705.85,934.85
04-10-2024,944.85,942.35,987.25,922.4,3.16M,0.65%,708.8,702.25,713.5,701.55,2.62M,0.93%,,,,,,,,,,,,04-10-2024,708.80,944.85
03-10-2024,938.75,970,979.55,930.2,1.19M,-3.40%,702.25,696.55,711.95,696.5,2.54M,-1.12%,,,,,,,,,,,,03-10-2024,702.25,938.75
01-10-2024,971.8,982.95,992,969,569.83K,-1.13%,710.2,716,723.35,706.6,1.99M,-1.09%,,,,,,,,,,,,01-10-2024,710.20,971.8
30-09-2024,982.95,965,987,960,848.26K,1.13%,718,735,736.35,716,2.49M,-1.67%,,,,,,,,,,,,30-09-2024,718.00,982.95
27-09-2024,971.95,996,"1,002.65",963,766.36K,-2.59%,730.2,729.45,740.65,726.35,4.57M,0.09%,,,,,,,,,,,,27-09-2024,730.20,971.95
26-09-2024,997.8,997.5,"1,005.85",981.7,868.48K,0.01%,729.55,716.55,732,714.3,2.80M,1.81%,,,,,,,,,,,,26-09-2024,729.55,997.8
25-09-2024,997.75,995.55,"1,003.80",969.3,1.27M,0.21%,716.55,722,723.1,710.1,1.10M,-0.58%,,,,,,,,,,,,25-09-2024,716.55,997.75
24-09-2024,995.7,"1,015.95","1,028.00",986.4,1.64M,-1.74%,720.7,727.5,728.95,715.15,3.21M,-0.93%,,,,,,,,,,,,24-09-2024,720.70,995.7
23-09-2024,"1,013.35","1,008.70","1,023.65","1,000.95",1.25M,0.46%,727.5,718.85,730,714.05,2.94M,2.31%,,,,,,,,,,,,23-09-2024,727.50,1013.35
20-09-2024,"1,008.70","1,020.40","1,044.00","1,003.65",1.48M,-0.65%,711.1,702,721,702,7.89M,1.37%,,,,,,,,,,,,20-09-2024,711.10,1008.7
19-09-2024,"1,015.30","1,079.90","1,086.60","1,006.40",3.28M,-5.56%,701.5,700.35,708.1,697.75,2.20M,0.39%,,,,,,,,,,,,19-09-2024,701.50,1015.3
18-09-2024,"1,075.10","1,050.00","1,095.40","1,050.00",2.90M,2.40%,698.8,698.9,705.2,693.4,1.53M,-0.01%,,,,,,,,,,,,18-09-2024,698.80,1075.1
17-09-2024,"1,049.95","1,067.50","1,077.70","1,015.55",6.41M,-1.09%,698.9,701.35,702.9,691.55,2.99M,-0.35%,,,,,,,,,,,,17-09-2024,698.90,1049.95
16-09-2024,"1,061.50","1,148.00","1,191.95","1,051.00",7.75M,-6.64%,701.35,708.85,709.2,698,2.75M,-0.57%,,,,,,,,,,,,16-09-2024,701.35,1061.5
13-09-2024,"1,137.05","1,117.90","1,202.20","1,092.30",8.88M,2.53%,705.4,712,713.75,703.15,1.89M,-1.28%,,,,,,,,,,,,13-09-2024,705.40,1137.05
12-09-2024,"1,109.00","1,125.00","1,132.65","1,087.70",3.07M,0.06%,714.55,703.15,715.95,698.3,3.49M,2.06%,,,,,,,,,,,,12-09-2024,714.55,1109
11-09-2024,"1,108.35","1,051.30","1,133.95","1,041.45",7.41M,5.47%,700.15,701,704.3,696,4.60M,-0.39%,,,,,,,,,,,,11-09-2024,700.15,1108.35
10-09-2024,"1,050.90","1,082.50","1,084.95","1,044.00",1.41M,-2.53%,702.9,730,732.15,701.2,7.37M,-4.47%,,,,,,,,,,,,10-09-2024,702.90,1050.9
09-09-2024,"1,078.20","1,012.00","1,100.00","1,007.60",3.69M,5.35%,735.8,735.1,749,731.25,2.64M,-0.35%,,,,,,,,,,,,09-09-2024,735.80,1078.2
06-09-2024,"1,023.40","1,040.00","1,053.85","1,017.05",2.42M,-1.42%,738.4,750,754.1,736.05,2.77M,-1.79%,,,,,,,,,,,,06-09-2024,738.40,1023.4
05-09-2024,"1,038.10","1,055.50","1,109.70","1,015.35",5.79M,-1.40%,751.85,758,758.65,750.4,1.76M,-0.92%,,,,,,,,,,,,05-09-2024,751.85,1038.1
04-09-2024,"1,052.85",972.35,"1,088.70",959.75,7.81M,4.99%,758.8,751.7,759.45,748.4,3.03M,0.01%,,,,,,,,,,,,04-09-2024,758.80,1052.85
03-09-2024,"1,002.80",974.7,"1,014.00",951,3.80M,2.88%,758.75,754,761.2,741.65,6.27M,1.80%,,,,,,,,,,,,03-09-2024,758.75,1002.8
02-09-2024,974.7,985,994.85,968.1,2.18M,-0.28%,745.3,743.15,754,739.85,3.07M,0.89%,,,,,,,,,,,,02-09-2024,745.30,974.7
30-08-2024,977.45,947,995,936.75,4.98M,3.23%,738.7,736.9,742.7,733.5,6.23M,0.24%,,,,,,,,,,,,30-08-2024,738.70,977.45
29-08-2024,946.9,906.65,972.6,896.7,10.18M,4.92%,736.9,740,748.5,731.85,3.96M,-0.70%,,,,,,,,,,,,29-08-2024,736.90,946.9
28-08-2024,902.5,883.8,927,882.45,5.96M,2.47%,742.1,739.95,746.55,734.05,3.00M,0.34%,,,,,,,,,,,,28-08-2024,742.10,902.5
27-08-2024,880.75,882.9,889.3,870.65,972.32K,0.30%,739.55,724,742.45,719.3,5.63M,1.92%,,,,,,,,,,,,27-08-2024,739.55,880.75
26-08-2024,878.1,866.95,885.25,850.85,1.81M,1.33%,725.65,734,734,719.25,2.13M,-0.46%,,,,,,,,,,,,26-08-2024,725.65,878.1
23-08-2024,866.6,865.2,879,838.6,2.32M,-0.06%,729,725,730.5,723.45,3.90M,0.41%,,,,,,,,,,,,23-08-2024,729.00,866.6
22-08-2024,867.15,884.85,886.75,861.65,6.58M,-2.88%,726,726,729.9,720.05,3.89M,0.20%,,,,,,,,,,,,22-08-2024,726.00,867.15
21-08-2024,892.85,827,909,826,15.24M,10.11%,724.55,714.35,727.6,708.65,6.19M,1.96%,,,,,,,,,,,,21-08-2024,724.55,892.85
20-08-2024,810.9,826,826.95,809,945.89K,-1.40%,710.6,687,713,684.05,6.83M,3.63%,,,,,,,,,,,,20-08-2024,710.60,810.9
19-08-2024,822.4,831.9,832,819.15,374.97K,-0.27%,685.7,689.4,689.4,678.5,2.35M,-0.54%,,,,,,,,,,,,19-08-2024,685.70,822.4
16-08-2024,824.6,835,838.9,821.7,721.55K,-0.70%,689.4,664.65,690.6,664.65,4.58M,0.44%,,,,,,,,,,,,16-08-2024,689.40,824.6
14-08-2024,830.4,809.9,835,798,1.68M,3.33%,686.35,686,690.6,676.4,2.96M,0.20%,,,,,,,,,,,,14-08-2024,686.35,830.4
13-08-2024,803.6,838,844.05,801.25,1.05M,-3.89%,685,698.1,707.3,677.5,5.74M,-2.48%,,,,,,,,,,,,13-08-2024,685.00,803.6
12-08-2024,836.1,821,847.1,815.65,2.25M,1.84%,702.45,698.6,713.65,692.2,3.72M,0.01%,,,,,,,,,,,,12-08-2024,702.45,836.1
09-08-2024,821,811.8,836.3,810.8,2.04M,2.09%,702.4,714.2,715,701.45,2.85M,-1.12%,,,,,,,,,,,,09-08-2024,702.40,821
08-08-2024,804.2,809,821,800.4,781.45K,-0.64%,710.35,691.1,713.2,689.7,5.95M,2.03%,,,,,,,,,,,,08-08-2024,710.35,804.2
07-08-2024,809.35,804,819.45,793.4,1.47M,2.34%,696.25,682.1,697.7,682.1,5.15M,2.45%,,,,,,,,,,,,07-08-2024,696.25,809.35
06-08-2024,790.85,783,806.4,783,1.96M,2.06%,679.6,711.65,719,677.3,6.11M,-4.40%,,,,,,,,,,,,06-08-2024,679.60,790.85
05-08-2024,774.9,792,792.05,768.05,1.89M,-4.40%,710.9,693,713.9,690.05,9.33M,0.49%,,,,,,,,,,,,05-08-2024,710.90,774.9
02-08-2024,810.55,801,822.85,792.15,1.80M,0.12%,707.4,707.5,712.75,699.05,2.71M,-0.87%,,,,,,,,,,,,02-08-2024,707.40,810.55
01-08-2024,809.55,809.75,826,800.9,3.26M,0.50%,713.6,715,722.5,710.05,4.07M,-0.27%,,,,,,,,,,,,01-08-2024,713.60,809.55
31-07-2024,805.5,782,812,779.5,4.90M,3.28%,715.5,697.2,719,693.1,6.68M,2.62%,,,,,,,,,,,,31-07-2024,715.50,805.5
30-07-2024,779.95,781,788.4,778.65,5.75M,-1.88%,697.2,696.1,708.35,683.9,6.13M,0.05%,,,,,,,,,,,,30-07-2024,697.20,779.95
29-07-2024,794.9,799.9,807,790.7,763.20K,0.13%,696.85,703.55,710,693.75,4.68M,-0.92%,,,,,,,,,,,,29-07-2024,696.85,794.9
26-07-2024,793.85,790,803,786.9,1.96M,1.61%,703.35,683.15,709.8,682.05,8.93M,2.96%,,,,,,,,,,,,26-07-2024,703.35,793.85
25-07-2024,781.25,770,796,763.25,1.60M,0.68%,683.15,666,685.6,665.55,9.39M,1.54%,,,,,,,,,,,,25-07-2024,683.15,781.25
24-07-2024,775.95,765,783.6,759.8,900.08K,2.45%,672.8,639.6,675,639.3,12.38M,4.48%,,,,,,,,,,,,24-07-2024,672.80,775.95
23-07-2024,757.4,797.9,797.9,741.25,1.63M,-4.36%,643.95,642,649.7,623.25,9.08M,1.03%,,,,,,,,,,,,23-07-2024,643.95,757.4
22-07-2024,791.9,780.8,795.85,765.2,900.31K,1.42%,637.4,631.9,641,628.95,3.85M,0.24%,,,,,,,,,,,,22-07-2024,637.40,791.9
19-07-2024,780.8,788,788,773,949.24K,-1.06%,635.9,644.65,646,634.15,2.50M,-2.00%,,,,,,,,,,,,19-07-2024,635.90,780.8
18-07-2024,789.2,805.7,811,785.2,875.23K,-1.26%,648.9,646.75,651.4,641.1,3.98M,0.33%,,,,,,,,,,,,18-07-2024,648.90,789.2
16-07-2024,799.3,803.75,819,795,1.09M,-0.16%,646.75,642,655,633.35,9.17M,1.36%,,,,,,,,,,,,16-07-2024,646.75,799.3
15-07-2024,800.6,812,815.45,797,492.82K,-1.14%,638.05,635.55,648,630.5,6.95M,0.39%,,,,,,,,,,,,15-07-2024,638.05,800.6
12-07-2024,809.85,803.75,822.5,795.55,1.55M,1.26%,635.55,634,636.4,627.1,2.64M,0.20%,,,,,,,,,,,,12-07-2024,635.55,809.85
11-07-2024,799.75,807.1,808.8,795.05,502.25K,-0.92%,634.25,635.95,636.6,629.3,3.57M,0.24%,,,,,,,,,,,,11-07-2024,634.25,799.75
10-07-2024,807.15,797.45,810.5,770.45,1.26M,1.75%,632.75,624,640.75,615.6,6.19M,1.46%,,,,,,,,,,,,10-07-2024,632.75,807.15
09-07-2024,793.3,798.8,798.8,788.25,694.29K,0.03%,623.65,622,629.35,620.9,5.00M,0.44%,,,,,,,,,,,,09-07-2024,623.65,793.3
08-07-2024,793.1,802.65,803,782.6,1.82M,0.06%,620.9,609,622.05,608.6,6.80M,2.23%,,,,,,,,,,,,08-07-2024,620.90,793.1
05-07-2024,792.6,808.8,809.9,791.1,719.77K,-2.01%,607.35,606.2,608.8,600.65,3.49M,0.56%,,,,,,,,,,,,05-07-2024,607.35,792.6
04-07-2024,808.85,800.8,809.9,795.05,1.17M,1.04%,603.95,596,607.3,594.3,5.03M,1.31%,,,,,,,,,,,,04-07-2024,603.95,808.85
03-07-2024,800.55,795.9,812.75,791.05,1.55M,0.52%,596.15,592.4,598.85,590.5,2.13M,1.08%,,,,,,,,,,,,03-07-2024,596.15,800.55
02-07-2024,796.4,800,802.25,783.2,858.74K,-0.48%,589.8,603.7,603.75,586.5,6.48M,-1.82%,,,,,,,,,,,,02-07-2024,589.80,796.4
01-07-2024,800.25,786,802.5,780.5,1.14M,1.97%,600.75,590.15,603.05,589.6,3.34M,0.96%,,,,,,,,,,,,01-07-2024,600.75,800.25
28-06-2024,784.8,792.8,795.85,780,1.61M,-0.08%,595.05,594,599.8,590,3.65M,0.30%,,,,,,,,,,,,28-06-2024,595.05,784.8
27-06-2024,785.4,793.05,808.05,781,2.20M,-0.81%,593.25,589.05,595,586.6,4.77M,0.71%,,,,,,,,,,,,27-06-2024,593.25,785.4
26-06-2024,791.85,795.55,804.3,790,3.15M,1.31%,589.05,591.65,599,587.2,3.67M,-0.32%,,,,,,,,,,,,26-06-2024,589.05,791.85
25-06-2024,781.6,771,786.7,766.1,2.24M,1.72%,590.95,579,592.25,576.95,6.59M,1.98%,,,,,,,,,,,,25-06-2024,590.95,781.6
24-06-2024,768.4,782.5,782.85,762.45,2.02M,-1.93%,579.5,580,582.45,575.65,3.23M,-0.25%,,,,,,,,,,,,24-06-2024,579.50,768.4
21-06-2024,783.5,794,805,779.2,2.32M,-1.05%,580.95,588,592.6,580,7.26M,-1.55%,,,,,,,,,,,,21-06-2024,580.95,783.5
20-06-2024,791.8,803,813.35,785,23.66M,-5.74%,590.1,596.2,597.5,582.7,6.13M,-1.02%,,,,,,,,,,,,20-06-2024,590.10,791.8
19-06-2024,840,868.8,884.35,836,2.81M,-2.87%,596.2,602.1,605.15,592.35,4.45M,-0.83%,,,,,,,,,,,,19-06-2024,596.20,840
18-06-2024,864.8,837.4,903.25,832.95,4.43M,3.82%,601.2,596.85,605,591.8,5.12M,0.48%,,,,,,,,,,,,18-06-2024,601.20,864.8
14-06-2024,832.95,832.3,847.85,815,1.18M,0.08%,598.35,599.15,601.8,594.05,7.31M,0.82%,,,,,,,,,,,,14-06-2024,598.35,832.95
13-06-2024,832.3,820,835.7,806.4,1.19M,1.90%,593.5,565,598.4,565,24.35M,3.63%,,,,,,,,,,,,13-06-2024,593.50,832.3
12-06-2024,816.75,813,820,800.1,1.83M,1.06%,572.7,571.7,577.75,569.6,4.30M,0.17%,,,,,,,,,,,,12-06-2024,572.70,816.75
11-06-2024,808.15,773,818.55,764.1,4.06M,5.76%,571.7,571.5,576.9,566.2,6.42M,0.44%,,,,,,,,,,,,11-06-2024,571.70,808.15
10-06-2024,764.1,751.9,774,751.5,1.22M,2.36%,569.2,563.25,574.55,561.3,3.86M,1.11%,,,,,,,,,,,,10-06-2024,569.20,764.1
07-06-2024,746.5,738,752.8,732.65,1.03M,0.96%,562.95,555.05,563.6,553.5,3.38M,1.39%,,,,,,,,,,,,07-06-2024,562.95,746.5
06-06-2024,739.4,716,745,716,1.04M,3.69%,555.25,555,558.75,550.4,3.97M,0.60%,,,,,,,,,,,,06-06-2024,555.25,739.4
05-06-2024,713.1,679,720.05,657.25,1.11M,6.12%,551.95,540,554.3,536.1,3.23M,3.27%,,,,,,,,,,,,05-06-2024,551.95,713.1
04-06-2024,671.95,731.45,734.45,616.6,1.91M,-7.84%,534.45,555,555,511.4,9.78M,-2.84%,,,,,,,,,,,,04-06-2024,534.45,671.95
03-06-2024,729.15,749.95,752,724.05,2.23M,0.86%,550.1,568.95,569.25,547.05,9.26M,0.05%,,,,,,,,,,,,03-06-2024,550.10,729.15
31-05-2024,722.9,745,746.1,717,1.56M,-3.02%,549.85,551.9,556.3,546.55,9.71M,-0.16%,,,,,,,,,,,,31-05-2024,549.85,722.9
30-05-2024,745.4,730,748.7,726.25,1.53M,1.31%,550.75,552.75,563.85,548.25,6.31M,-1.98%,,,,,,,,,,,,30-05-2024,550.75,745.4
29-05-2024,735.75,744,750.9,724,12.94M,-6.61%,561.85,578.45,578.45,560.9,6.26M,-2.87%,,,,,,,,,,,,29-05-2024,561.85,735.75
28-05-2024,787.8,802.5,802.5,786,247.50K,-1.38%,578.45,567,579.95,563.65,5.80M,2.52%,,,,,,,,,,,,28-05-2024,578.45,787.8
27-05-2024,798.85,800,809.8,792.85,549.82K,0.30%,564.25,565.2,569.3,562.1,2.62M,-0.15%,,,,,,,,,,,,27-05-2024,564.25,798.85
24-05-2024,796.45,800,807,790.5,494.83K,-0.28%,565.1,565,571.8,563.45,3.43M,-0.10%,,,,,,,,,,,,24-05-2024,565.10,796.45
23-05-2024,798.65,750.6,814,750.6,2.82M,7.15%,565.65,564,569.2,558.05,7.11M,0.94%,,,,,,,,,,,,23-05-2024,565.65,798.65
22-05-2024,745.35,742,747.5,735,173.70K,0.65%,560.4,565.6,566.8,559.65,3.82M,-0.92%,,,,,,,,,,,,22-05-2024,560.40,745.35
21-05-2024,740.55,747.5,747.5,733.35,163.70K,-0.90%,565.6,569.4,570,563.05,5.58M,-0.67%,,,,,,,,,,,,21-05-2024,565.60,740.55
18-05-2024,747.3,738.6,750.85,737.65,21.23K,1.63%,569.4,569.4,569.4,569.4,"
",-0.14%,,,,,,,,,,,,18-05-2024,569.40,747.3
17-05-2024,735.3,743.7,751,732.05,218.43K,-1.13%,570.2,567.05,572,561.45,3.99M,0.56%,,,,,,,,,,,,17-05-2024,570.20,735.3
16-05-2024,743.7,739.9,754,739.1,182.21K,0.94%,567.05,557,568.2,550.7,4.54M,2.00%,,,,,,,,,,,,16-05-2024,567.05,743.7
15-05-2024,736.75,735.9,745.75,733.35,175.60K,0.61%,555.95,561.55,562,555,2.42M,-1.00%,,,,,,,,,,,,15-05-2024,555.95,736.75
14-05-2024,732.3,729.95,738,722.25,293.08K,0.63%,561.55,566,568,560,5.35M,0.34%,,,,,,,,,,,,14-05-2024,561.55,732.3
13-05-2024,727.75,738.7,741.65,714.1,177.30K,-1.60%,559.65,553.8,568.45,547.15,7.87M,2.02%,,,,,,,,,,,,13-05-2024,559.65,727.75
10-05-2024,739.6,755.95,757.25,735.55,236.20K,-2.16%,548.55,542.8,553.8,539.55,7.52M,1.67%,,,,,,,,,,,,10-05-2024,548.55,739.6
09-05-2024,755.95,758.4,770.2,752.65,318.42K,-0.13%,539.55,551.05,551.9,538,13.57M,-1.98%,,,,,,,,,,,,09-05-2024,539.55,755.95
08-05-2024,756.9,759.05,765.6,753.1,193.86K,-0.38%,550.45,552.1,553.95,548,6.72M,-0.34%,,,,,,,,,,,,08-05-2024,550.45,756.9
07-05-2024,759.8,775,775.05,752,290.44K,-1.78%,552.35,559.5,561.95,549.6,7.78M,-0.49%,,,,,,,,,,,,07-05-2024,552.35,759.8
06-05-2024,773.55,803.8,803.8,770.5,252.93K,-2.86%,555.05,569.9,569.9,550.2,8.76M,-1.92%,,,,,,,,,,,,06-05-2024,555.05,773.55
03-05-2024,796.3,803,804.5,792,289.09K,-0.09%,565.9,581.8,581.8,565.25,8.57M,-1.81%,,,,,,,,,,,,03-05-2024,565.90,796.3
02-05-2024,797,795.8,809,795,405.07K,0.15%,576.35,584.3,586.55,573.4,8.29M,-1.25%,,,,,,,,,,,,02-05-2024,576.35,797
30-04-2024,795.8,814.6,819.9,791.1,1.32M,-0.85%,583.65,576.55,588.5,576.05,9.93M,1.49%,,,,,,,,,,,,30-04-2024,583.65,795.8
29-04-2024,802.6,786.8,825.9,764.5,1.31M,2.27%,575.1,590,591.95,571,8.88M,-2.17%,,,,,,,,,,,,29-04-2024,575.10,802.6
26-04-2024,784.75,795,799.5,779,627.55K,0.19%,587.85,597,603.4,587,3.09M,-1.15%,,,,,,,,,,,,26-04-2024,587.85,784.75
25-04-2024,783.25,778.3,788,772.6,337.41K,0.85%,594.7,595.45,596.4,585.6,6.15M,0.08%,,,,,,,,,,,,25-04-2024,594.70,783.25
24-04-2024,776.65,779,792.5,767,780.12K,0.59%,594.2,600.05,601.1,593,4.10M,-1.16%,,,,,,,,,,,,24-04-2024,594.20,776.65
23-04-2024,772.1,773.5,778.9,761.7,330.86K,0.29%,601.15,606.05,609.15,598,4.53M,-0.79%,,,,,,,,,,,,23-04-2024,601.15,772.1
22-04-2024,769.9,779.7,788,765.8,347.52K,-0.25%,605.95,601.85,608.85,598.1,3.08M,0.73%,,,,,,,,,,,,22-04-2024,605.95,769.9
19-04-2024,771.85,745.9,776,732.5,634.04K,2.63%,601.55,600,604.4,581.1,10.24M,-0.68%,,,,,,,,,,,,19-04-2024,601.55,771.85
18-04-2024,752.1,755,771,748.05,316.50K,0.49%,605.65,618,624,604.15,11.98M,0.17%,,,,,,,,,,,,18-04-2024,605.65,752.1
16-04-2024,748.45,737.05,759.6,735,283.27K,1.40%,604.6,609.05,611.1,600.6,4.97M,-1.36%,,,,,,,,,,,,16-04-2024,604.60,748.45
15-04-2024,738.15,753,761.8,723,465.97K,-3.24%,612.95,610.05,616.5,604.1,2.59M,-0.90%,,,,,,,,,,,,15-04-2024,612.95,738.15
12-04-2024,762.85,766.1,780.45,760.2,440.29K,-0.80%,618.5,621,624,616.25,5.08M,-0.48%,,,,,,,,,,,,12-04-2024,618.50,762.85
10-04-2024,769,765.1,772.35,758.9,268.15K,0.59%,621.5,636,637.1,620,6.75M,-1.96%,,,,,,,,,,,,10-04-2024,621.50,769
09-04-2024,764.5,766.8,794.6,760.55,1.12M,0.08%,633.95,639,639.15,632.65,2.87M,-0.10%,,,,,,,,,,,,09-04-2024,633.95,764.5
08-04-2024,763.9,773.9,774,759,543.09K,-1.09%,634.6,630,635.9,626.55,3.40M,0.83%,,,,,,,,,,,,08-04-2024,634.60,763.9
05-04-2024,772.3,767.9,778.25,758.3,740.15K,0.34%,629.4,621,630.45,616.3,3.86M,1.12%,,,,,,,,,,,,05-04-2024,629.40,772.3
04-04-2024,769.65,735,794,735,4.49M,4.71%,622.4,625,626.5,618.1,3.86M,-0.27%,,,,,,,,,,,,04-04-2024,622.40,769.65
03-04-2024,735,720,743,717.65,1.23M,1.51%,624.1,629.85,630,620.4,3.82M,-1.23%,,,,,,,,,,,,03-04-2024,624.10,735
02-04-2024,724.05,745.2,747.85,721,2.36M,-3.37%,631.9,631.1,641.65,631.1,5.18M,-0.45%,,,,,,,,,,,,02-04-2024,631.90,724.05
01-04-2024,749.3,651,755.8,651,9.72M,18.96%,634.75,638,638,628,3.87M,0.22%,,,,,,,,,,,,01-04-2024,634.75,749.3
28-03-2024,629.85,633.55,639.3,625.45,271.31K,-0.08%,633.35,626.35,638.75,626.35,6.88M,1.12%,,,,,,,,,,,,28-03-2024,633.35,629.85
27-03-2024,630.35,631,645.9,624.45,619.02K,0.28%,626.35,627.5,638.4,624.05,13.85M,-0.09%,,,,,,,,,,,,27-03-2024,626.35,630.35
26-03-2024,628.6,640,647.7,625,322.06K,-1.80%,626.9,638.85,642.8,625.5,13.82M,0.49%,,,,,,,,,,,,26-03-2024,626.90,628.6
22-03-2024,640.15,639.5,653.5,635.3,318.66K,-0.37%,623.85,623.9,628.65,616,3.64M,0.26%,,,,,,,,,,,,22-03-2024,623.85,640.15
21-03-2024,642.5,623,645.4,623,355.27K,4.77%,622.25,629,639,620,7.20M,-0.66%,,,,,,,,,,,,21-03-2024,622.25,642.5
20-03-2024,613.25,626.8,634,610,513.14K,-2.16%,626.4,630,632.5,619.4,1.71M,-0.96%,,,,,,,,,,,,20-03-2024,626.40,613.25
19-03-2024,626.8,624.85,640.85,621.3,386.36K,0.34%,632.5,634,636.5,623.35,3.86M,-0.25%,,,,,,,,,,,,19-03-2024,632.50,626.8
18-03-2024,624.7,627.8,644.7,620,431.10K,-0.40%,634.1,634.95,636.55,628.25,2.91M,0.28%,,,,,,,,,,,,18-03-2024,634.10,624.7
15-03-2024,627.2,646.7,648.45,621.3,381.90K,-3.02%,632.35,620,634.8,611.3,4.90M,1.62%,,,,,,,,,,,,15-03-2024,632.35,627.2
14-03-2024,646.7,610,651.95,607.65,439.85K,5.70%,622.25,603,624.5,598.2,3.75M,2.00%,,,,,,,,,,,,14-03-2024,622.25,646.7
13-03-2024,611.85,663,664.5,604,431.94K,-7.45%,610.05,623.25,626.7,604.05,2.84M,-1.85%,,,,,,,,,,,,13-03-2024,610.05,611.85
12-03-2024,661.1,681.85,681.85,658,372.30K,-2.50%,621.55,618.25,629.8,615.05,4.98M,0.11%,,,,,,,,,,,,12-03-2024,621.55,661.1
11-03-2024,678.05,702.05,704.7,674,260.73K,-3.52%,620.85,625,629,618.9,3.78M,-0.18%,,,,,,,,,,,,11-03-2024,620.85,678.05
07-03-2024,702.8,679,708,679,905.06K,3.94%,621.95,611.55,624.15,611.55,3.68M,1.30%,,,,,,,,,,,,07-03-2024,621.95,702.8
06-03-2024,676.15,694.9,696.95,665.15,473.86K,-2.45%,613.95,611.25,618.1,604.7,4.90M,1.03%,,,,,,,,,,,,06-03-2024,613.95,676.15
05-03-2024,693.15,715,719.9,690.9,855.26K,-3.71%,607.7,611.8,615.6,603.75,4.34M,-0.43%,,,,,,,,,,,,05-03-2024,607.70,693.15
04-03-2024,719.85,735.8,735.8,716.5,279.68K,-1.73%,610.3,595,620.5,587.6,7.27M,3.04%,,,,,,,,,,,,04-03-2024,610.30,719.85
02-03-2024,732.55,725.05,738,723,60.50K,0.98%,592.3,592.75,597,591.05,171.94K,0.40%,,,,,,,,,,,,02-03-2024,592.30,732.55
01-03-2024,725.45,700,729.8,693.35,645.01K,4.49%,589.95,584.9,596.8,583,3.46M,1.37%,,,,,,,,,,,,01-03-2024,589.95,725.45
29-02-2024,694.25,700.85,704.95,683.2,469.00K,-1.07%,582,581,585.9,575.55,2.75M,0.24%,,,,,,,,,,,,29-02-2024,582.00,694.25
28-02-2024,701.75,718.9,721.5,698,306.45K,-1.87%,580.6,582,590.9,578.15,3.43M,-0.17%,,,,,,,,,,,,28-02-2024,580.60,701.75
27-02-2024,715.1,723.95,728.7,709,332.98K,-1.22%,581.6,576.05,592,572.85,6.32M,0.91%,,,,,,,,,,,,27-02-2024,581.60,715.1
26-02-2024,723.95,712.4,748.1,710,1.51M,3.02%,576.35,568.75,580.95,567.25,4.20M,-0.75%,,,,,,,,,,,,26-02-2024,576.35,723.95
23-02-2024,702.75,722.8,729.85,697.4,762.34K,-1.95%,580.7,577.2,583.35,575.75,2.56M,1.05%,,,,,,,,,,,,23-02-2024,580.70,702.75
22-02-2024,716.75,730.1,738.85,712,399.74K,-1.38%,574.65,578,579.4,567.05,4.20M,-0.48%,,,,,,,,,,,,22-02-2024,574.65,716.75
21-02-2024,726.75,745.2,755,722,405.82K,-2.15%,577.45,587.95,591.25,574.5,3.32M,-1.79%,,,,,,,,,,,,21-02-2024,577.45,726.75
20-02-2024,742.7,749.85,761.4,741,383.12K,-0.60%,587.95,580.2,589.5,576.25,3.52M,0.47%,,,,,,,,,,,,20-02-2024,587.95,742.7
19-02-2024,747.2,760.6,781.75,743.35,621.98K,-2.81%,585.2,594.3,594.3,584.4,2.79M,-1.22%,,,,,,,,,,,,19-02-2024,585.20,747.2
16-02-2024,768.8,788,791,763.8,546.44K,-1.67%,592.45,588.5,594,583.7,2.97M,1.26%,,,,,,,,,,,,16-02-2024,592.45,768.8
15-02-2024,781.85,787.8,793.8,778.7,221.03K,-0.27%,585.1,586.85,589.35,582,1.74M,-0.04%,,,,,,,,,,,,15-02-2024,585.10,781.85
14-02-2024,783.95,773,787.35,766,235.05K,0.80%,585.35,582.4,586.95,578.4,1.57M,-0.71%,,,,,,,,,,,,14-02-2024,585.35,783.95
13-02-2024,777.7,800,801.4,774,460.02K,-1.23%,589.55,577.25,594,574.7,5.01M,2.14%,,,,,,,,,,,,13-02-2024,589.55,777.7
12-02-2024,787.35,829.8,844.4,782.1,606.28K,-4.66%,577.2,584,586.5,572.4,2.80M,-1.16%,,,,,,,,,,,,12-02-2024,577.20,787.35
09-02-2024,825.85,814.5,835,804.65,548.58K,2.14%,584,591.7,594.15,582.25,2.45M,-1.30%,,,,,,,,,,,,09-02-2024,584.00,825.85
08-02-2024,808.55,828,832.95,805.05,388.71K,-1.55%,591.7,605.15,616.05,590.1,7.78M,-2.22%,,,,,,,,,,,,08-02-2024,591.70,808.55
07-02-2024,821.3,817.9,845.6,811.05,915.16K,1.83%,605.15,597,614,596,7.56M,2.09%,,,,,,,,,,,,07-02-2024,605.15,821.3
06-02-2024,806.55,799.65,814,796,287.97K,1.88%,592.75,564,595.05,562.25,15.92M,5.22%,,,,,,,,,,,,06-02-2024,592.75,806.55
05-02-2024,791.7,806.5,821.7,785,418.74K,-1.15%,563.35,578.8,581.95,561.55,3.75M,-2.67%,,,,,,,,,,,,05-02-2024,563.35,791.7
02-02-2024,800.9,829,839.9,792,987.43K,-2.34%,578.8,589.95,589.95,576.5,3.01M,-1.41%,,,,,,,,,,,,02-02-2024,578.80,800.9
01-02-2024,820.1,785.95,825.8,783.75,1.44M,4.52%,587.1,577.2,591.4,567.2,8.91M,1.82%,,,,,,,,,,,,01-02-2024,587.10,820.1
31-01-2024,784.6,770,797.8,766.85,1.11M,2.81%,576.6,573.5,578,571.3,4.07M,0.28%,,,,,,,,,,,,31-01-2024,576.60,784.6
30-01-2024,763.15,795.25,802.9,758,752.72K,-3.55%,575,583,583.6,571.55,5.90M,-0.61%,,,,,,,,,,,,30-01-2024,575.00,763.15
29-01-2024,791.25,826.8,834.4,783.35,1.09M,-3.61%,578.55,575.05,584,575.05,4.40M,-0.08%,,,,,,,,,,,,29-01-2024,578.55,791.25
25-01-2024,820.9,830,913.7,806,5.91M,-4.52%,579,584.15,586.55,577.3,3.73M,-0.46%,,,,,,,,,,,,25-01-2024,579.00,820.9
24-01-2024,859.8,863,863,842.55,336.37K,-0.44%,581.65,590,591,576.7,6.14M,-0.77%,,,,,,,,,,,,24-01-2024,581.65,859.8
23-01-2024,863.6,894.05,906.45,851,838.14K,-0.61%,586.15,600.25,613.75,582.8,5.99M,-3.59%,,,,,,,,,,,,23-01-2024,586.15,863.6
20-01-2024,868.9,875.65,887.85,868,254.86K,-0.91%,608,618.3,619.45,607.5,1.19M,-1.28%,,,,,,,,,,,,20-01-2024,608.00,868.9
19-01-2024,876.9,864.7,888,848.5,852.39K,2.42%,615.9,614.5,618.4,609.8,2.56M,1.33%,,,,,,,,,,,,19-01-2024,615.90,876.9
18-01-2024,856.2,828,905.5,810.55,4.19M,3.46%,607.8,608,612.3,600.6,3.66M,0.20%,,,,,,,,,,,,18-01-2024,607.80,856.2
17-01-2024,827.55,839,858.95,824.1,890.53K,-2.41%,606.6,611,618.5,605.1,10.18M,-0.76%,,,,,,,,,,,,17-01-2024,606.60,827.55
16-01-2024,848,792.95,894.7,789.45,5.81M,6.37%,611.25,615.75,616.85,609.05,8.76M,-0.52%,,,,,,,,,,,,16-01-2024,611.25,848
15-01-2024,797.2,804.8,808,787.05,205.53K,-0.28%,614.45,637,637,611.85,12.43M,-3.63%,,,,,,,,,,,,15-01-2024,614.45,797.2
12-01-2024,799.45,778.7,807,778.3,310.05K,2.57%,637.6,646.85,648.6,621.3,7.08M,-0.99%,,,,,,,,,,,,12-01-2024,637.60,799.45
11-01-2024,779.45,783,803.45,772.6,281.58K,-0.45%,644,646,653.1,639.9,2.80M,-0.15%,,,,,,,,,,,,11-01-2024,644.00,779.45
10-01-2024,782.95,789,793.85,775.1,145.99K,-0.64%,644.95,642,650.35,641.45,3.29M,0.63%,,,,,,,,,,,,10-01-2024,644.95,782.95
09-01-2024,788,793,796.3,787,95.54K,-0.08%,640.9,647,650.8,638.6,3.65M,-0.77%,,,,,,,,,,,,09-01-2024,640.90,788
01-08-2024,788.65,800,804.35,786,116.59K,-1.50%,645.85,647,654.15,641.7,2.06M,-0.14%,,,,,,,,,,,,01-08-2024,713.60,809.55
01-05-2024,800.65,802,807,788.3,184.90K,0.53%,646.75,648.5,654.55,642.45,1.39M,-0.19%,,,,,,,,,,,,01-05-2024,646.75,800.65
01-04-2024,796.45,793,798.85,787.95,135.54K,1.05%,647.95,638,649,638,4.41M,1.69%,,,,,,,,,,,,01-04-2024,634.75,749.3
01-03-2024,788.15,785.1,803.95,785.1,347.06K,1.24%,637.2,644,648.45,636.1,1.89M,-1.29%,,,,,,,,,,,,01-03-2024,589.95,725.45
01-02-2024,778.5,785.9,792.9,776,223.33K,-0.87%,645.5,649.5,654.3,642.6,3.01M,-0.49%,,,,,,,,,,,,01-02-2024,587.10,820.1
01-01-2024,785.3,781.9,794.9,780.9,144.15K,0.58%,648.7,647,652.35,644.35,1.34M,0.31%,,,,,,,,,,,,01-01-2024,648.70,785.3
12-29-2023,780.75,778,785.4,774,216.36K,0.38%,646.7,648.1,649.85,643,1.65M,-0.22%,,,,,,,,,,,,12-29-2023,646.70,780.75
12-28-2023,777.8,788,791.95,773.1,251.05K,-1.02%,648.1,647,650.95,644.25,3.57M,0.67%,,,,,,,,,,,,12-28-2023,648.10,777.8
12-27-2023,785.85,787.45,794.6,781,137.24K,-0.03%,643.8,643,646,638.4,2.35M,0.91%,,,,,,,,,,,,12-27-2023,643.80,785.85
12-26-2023,786.1,776.8,789.5,769.35,179.31K,1.39%,638,641,645.9,634,2.20M,-0.29%,,,,,,,,,,,,12-26-2023,638.00,786.1
12-22-2023,775.35,775.2,786.85,770,178.35K,0.55%,639.85,646,649,637.1,2.85M,-0.68%,,,,,,,,,,,,12-22-2023,639.85,775.35
